{
    "tiles": [
        {
            "latitude": 41.7920035,
            "longitude": -87.5985137,
            "timestamp": 1559152593619,
            "uuid": "20e7ae4e9e9a6981"
        },
        {
            "latitude": 41.78830013015242,
            "longitude": -87.60091584176462,
            "timestamp": 1559154014826,
            "uuid": "3c3032bc6a62ed97"
        },
        {
            "latitude": 41.7901394,
            "longitude": -87.5991966,
            "timestamp": 1559074158709,
            "uuid": "402bf31574a0f95d"
        },
        {
            "latitude": 41.78941984093748,
            "longitude": -87.60146203301305,
            "timestamp": 1559162508529,
            "uuid": "55a9dc6f44e85eea"
        },
        {
            "latitude": 41.79035518016591,
            "longitude": -87.6026998276448,
            "timestamp": 1559160354341,
            "uuid": "7d4e5cd9eeb18c98"
        },
        {
            "latitude": 41.7919921,
            "longitude": -87.5983691,
            "timestamp": 1559076348089,
            "uuid": "9d6352d84200c9b7"
        },
        {
            "latitude": 41.78944222687471,
            "longitude": -87.60144486243777,
            "timestamp": 1559162539151,
            "uuid": "e721d61ba89d6134"
        },
        {
            "latitude": 41.789398193359375,
            "longitude": -87.60133078731083,
            "timestamp": 1559151896911,
            "uuid": "f37fab13a3cb7620"
        }
    ]
}