{
    "tiles": [
        {
            "latitude": 41.79224815625552,
            "longitude": -87.60159798217232,
            "timestamp": 1559231484168,
            "uuid": "20e7ae4e9e9a6981"
        },
        {
            "latitude": 41.78883031233563,
            "longitude": -87.60047158757858,
            "timestamp": 1559263046266,
            "uuid": "3c3032bc6a62ed97"
        },
        {
            "latitude": 41.787933349609375,
            "longitude": -87.59932579272564,
            "timestamp": 1559255486107,
            "uuid": "402bf31574a0f95d"
        },
        {
            "latitude": 41.78976358999701,
            "longitude": -87.59932445032693,
            "timestamp": 1559227078345,
            "uuid": "55a9dc6f44e85eea"
        },
        {
            "latitude": 41.797188184609944,
            "longitude": -87.60881644701898,
            "timestamp": 1559269209701,
            "uuid": "7d4e5cd9eeb18c98"
        },
        {
            "latitude": 41.7902139745493,
            "longitude": -87.60256897997667,
            "timestamp": 1559165785438,
            "uuid": "9d6352d84200c9b7"
        },
        {
            "latitude": 41.7928361823051,
            "longitude": -87.59846332788764,
            "timestamp": 1559272530723,
            "uuid": "e721d61ba89d6134"
        },
        {
            "latitude": 41.789398193359375,
            "longitude": -87.60133078731083,
            "timestamp": 1559151896911,
            "uuid": "f37fab13a3cb7620"
        }
    ]
}