{
    "tiles": [
        {
            "latitude": 41.7920035,
            "longitude": -87.5985137,
            "timestamp": 1559152593619,
            "uuid": "20e7ae4e9e9a6981"
        },
        {
            "latitude": 41.78830013015242,
            "longitude": -87.60091584176462,
            "timestamp": 1559154014826,
            "uuid": "3c3032bc6a62ed97"
        },
        {
            "latitude": 41.7901394,
            "longitude": -87.5991966,
            "timestamp": 1559074158709,
            "uuid": "402bf31574a0f95d"
        },
        {
            "latitude": 41.79060297384568,
            "longitude": -87.60300507260953,
            "timestamp": 1559167361491,
            "uuid": "55a9dc6f44e85eea"
        },
        {
            "latitude": 41.79061255865557,
            "longitude": -87.60311435229137,
            "timestamp": 1559167101339,
            "uuid": "7d4e5cd9eeb18c98"
        },
        {
            "latitude": 41.7902139745493,
            "longitude": -87.60256897997667,
            "timestamp": 1559165785438,
            "uuid": "9d6352d84200c9b7"
        },
        {
            "latitude": 41.79060297384568,
            "longitude": -87.60300507260953,
            "timestamp": 1559167361491,
            "uuid": "e721d61ba89d6134"
        },
        {
            "latitude": 41.789398193359375,
            "longitude": -87.60133078731083,
            "timestamp": 1559151896911,
            "uuid": "f37fab13a3cb7620"
        }
    ]
}