{
    "tiles": [
        {
            "latitude": 41.792563347150626,
            "longitude": -87.59959196274498,
            "timestamp": 1559071832867,
            "uuid": "20e7ae4e9e9a6981"
        },
        {
            "latitude": 41.7922929,
            "longitude": -87.599799,
            "timestamp": 1559072290605,
            "uuid": "402bf31574a0f95d"
        },
        {
            "latitude": 41.7922957,
            "longitude": -87.5997578,
            "timestamp": 1559073390973,
            "uuid": "9d6352d84200c9b7"
        },
        {
            "latitude": 41.792593383561815,
            "longitude": -87.59959948880042,
            "timestamp": 1559071933444,
            "uuid": "f37fab13a3cb7620"
        }
    ]
}