"","time","assetCode","assetName","volume","price","mcap","mkres1","mkres10","mkres1_raw","mkres10_raw","mkres10_pred","active_rate","points"
"434373","2016-01-04 22:00:00+00:00","AMZN.O","Amazon.com Inc",9314519,636.99,5933255457.81,-0.0398056541738313,-0.0325965000987525,-0.0575537439524183,-0.050190114068441,-0.0176087684101193,1,1763
"435845","2016-01-05 22:00:00+00:00","AMZN.O","Amazon.com Inc",5822603,633.79,3690307555.37,-0.00737662943859674,-0.0518889505732319,-0.00502362674453294,-0.0456981961634595,0.0362718210881321,1,1768
"438473","2016-01-06 22:00:00+00:00","AMZN.O","Amazon.com Inc",5329197,632.65,3371516482.05,0.0143297514783117,-0.0306478227691458,-0.00179870304043928,-0.0479451024062844,0.0291154629557548,1,1769
"440207","2016-01-07 22:00:00+00:00","AMZN.O","Amazon.com Inc",7074915,607.94,4301123825.1,-0.00794999616853943,-0.0230032454033306,-0.0390579309254721,-0.083254165724195,-0.00437953920617567,1,1765
"441160","2016-01-08 22:00:00+00:00","AMZN.O","Amazon.com Inc",5512915,607.05,3346615050.75,0.0126246743941145,0.00311079656784892,-0.00146396025923623,-0.0853548289890012,0.0222911768412068,1,1770
"443144","2016-01-11 22:00:00+00:00","AMZN.O","Amazon.com Inc",4891551,617.74,3021706714.74,0.0164921949090336,0.0143289815477962,0.01760975207973,-0.0679702469862248,-0.0173124851279986,1,1774
"445165","2016-01-12 22:00:00+00:00","AMZN.O","Amazon.com Inc",4724100,617.89,2918974149,-0.00977075662943509,-0.0116391485777386,0.000242820604137606,-0.0848785545023697,0.0222569310009971,1,1782
"446235","2016-01-13 22:00:00+00:00","AMZN.O","Amazon.com Inc",7655239,581.81,4453894602.59,-0.022723781218893,-0.0308826912721935,-0.0583922704688538,-0.161620819343776,-0.0159686619942716,1,1785
"449076","2016-01-14 22:00:00+00:00","AMZN.O","Amazon.com Inc",7237978,593,4292120954,-0.0034519724776219,-0.0335881317031875,0.0192330829652292,-0.139419797698347,-0.00412111699122924,1,1780
"450352","2016-01-15 22:00:00+00:00","AMZN.O","Amazon.com Inc",7784523,570.18,4438579324.14,-0.00724938338486406,-0.0265483419543644,-0.0384822934232716,-0.156401189542677,-0.0417336359095556,1,1783
"452083","2016-01-19 22:00:00+00:00","AMZN.O","Amazon.com Inc",4807165,574.48,2761620149.2,0.00678493011444571,0.00715648755935659,0.00754147812971362,-0.0981334086877345,-0.0381446235749221,1,1791
"453271","2016-01-20 22:00:00+00:00","AMZN.O","Amazon.com Inc",7966406,571.77,4554951958.62,0.0121553796462872,0.0239895974734567,-0.00471730956691274,-0.0978557566386342,-0.109976490986818,1,1791
"456190","2016-01-21 22:00:00+00:00","AMZN.O","Amazon.com Inc",4952217,575.02,2847623819.34,-0.00222488772309456,0.00480718866854027,0.00568410374801065,-0.0910930214178456,-0.116693552324803,1,1791
"457789","2016-01-22 22:00:00+00:00","AMZN.O","Amazon.com Inc",5120144,596.38,3053551478.72,0.00460603828683985,0.0102688602060571,0.0371465340335988,-0.0190150343783927,-0.173236247719467,1,1791
"459686","2016-01-25 22:00:00+00:00","AMZN.O","Amazon.com Inc",4396079,596.53,2622393005.87,0.0248565485458549,0.019620507215071,0.000251517488849329,-0.0173297092496499,-0.196593191104125,1,1793
"460493","2016-01-26 22:00:00+00:00","AMZN.O","Amazon.com Inc",3765655,601.25,2264100068.75,-0.0145185558245487,-0.0100924062876624,0.00791242686872407,-0.0266940784148672,-0.165951844498859,1,1793
"463410","2016-01-27 22:00:00+00:00","AMZN.O","Amazon.com Inc",5152853,583.35,3005916797.55,-0.0122513734907163,-0.00986660143421789,-0.0297713097713097,-0.0558999174610367,-0.177237815688086,1,1790
"463771","2016-01-28 22:00:00+00:00","AMZN.O","Amazon.com Inc",14015171,635.35,8904538894.85,0.079148659160385,0.0892579789533467,0.0891403102768493,0.0920231690758153,-0.0814204961766831,1,1788
"465953","2016-01-29 22:00:00+00:00","AMZN.O","Amazon.com Inc",14677550,587,8615721850,-0.100026292239289,-0.0256676070975693,-0.0760997875186905,-0.0101180438448567,-0.0762786164420596,1,1793
"467296","2016-02-01 22:00:00+00:00","AMZN.O","Amazon.com Inc",6355123,574.81,3652988251.63,-0.020340438336953,-0.0372034546180751,-0.0207666098807496,0.00812024273036593,-0.0605050808946291,1,1798
"470213","2016-02-02 22:00:00+00:00","AMZN.O","Amazon.com Inc",6312045,552.1,3484880044.5,-0.020549309606104,-0.054337984106749,-0.039508707224996,-0.0389569697813675,-0.0296463757826841,1,1803
"471715","2016-02-03 22:00:00+00:00","AMZN.O","Amazon.com Inc",10048709,531.07,5336567888.63,-0.0422785872130546,-0.10394786211367,-0.0380909255569643,-0.071182468475086,-0.0100369571139449,1,1808
"473511","2016-02-04 22:00:00+00:00","AMZN.O","Amazon.com Inc",6199070,536.26,3324313278.2,0.00847110188578375,-0.0934627103181233,0.00977272299320231,-0.0674063510834405,0.0178663761573509,1,1808
"475593","2016-02-05 22:00:00+00:00","AMZN.O","Amazon.com Inc",9708929,502.13,4875144518.77,-0.0444537306376725,-0.144174376045233,-0.0636445008018498,-0.158036822160368,0.0618897154714053,1,1811
"476376","2016-02-08 22:00:00+00:00","AMZN.O","Amazon.com Inc",9825509,488.1,4795830942.9,-0.0135170682937938,-0.170314059597983,-0.0279409714615736,-0.18176789096944,0.0414793316027293,1,1812
"479612","2016-02-09 22:00:00+00:00","AMZN.O","Amazon.com Inc",7077915,482.07,3412050484.05,-0.0116528358619303,-0.17297526357755,-0.0123540258143824,-0.198220374220374,0.00380365474335517,1,1798
"480185","2016-02-10 22:00:00+00:00","AMZN.O","Amazon.com Inc",6786181,490.48,3328486056.88,0.0176440940100304,-0.143183512351205,0.0174455991868401,-0.159201165680981,-0.0473822279300362,1,1802
"483378","2016-02-11 22:00:00+00:00","AMZN.O","Amazon.com Inc",7397393,503.82,3726954541.26,0.0386914482421824,-0.171635241790072,0.0271978470070136,-0.207019752892107,-0.119104633141476,1,1800
"483646","2016-02-12 22:00:00+00:00","AMZN.O","Amazon.com Inc",5384787,507.08,2730517791.96,-0.00781713666526184,-0.0952465568550408,0.00647056488428399,-0.136149914821124,-0.0460888995623677,1,1807
"486072","2016-02-16 22:00:00+00:00","AMZN.O","Amazon.com Inc",5118500,521.1,2667250350,0.0149596625958723,-0.0698626386656403,0.027648497278536,-0.0934395713366154,-0.0381994313316969,1,1818
"487227","2016-02-17 22:00:00+00:00","AMZN.O","Amazon.com Inc",4824002,534.1,2576499468.2,0.0128170667586821,-0.0456116902076043,0.0249472270197659,-0.0326027893497555,-0.0353415613189655,1,1816
"489163","2016-02-18 22:00:00+00:00","AMZN.O","Amazon.com Inc",4735008,525,2485879200,-0.0135261987343441,-0.0147459791796663,-0.017038007863696,-0.0114297550228785,-0.0247220678347772,1,1818
"492237","2016-02-19 22:00:00+00:00","AMZN.O","Amazon.com Inc",4974717,534.9,2660976123.3,0.0188772809046495,-0.00446618347703945,0.0188571428571429,-0.00253608324320298,-0.0745786529140897,1,1818
"494117","2016-02-22 22:00:00+00:00","AMZN.O","Amazon.com Inc",5566553,559.5,3114486403.5,0.0330315192497036,0.0311318938927694,0.0459899046550758,0.114253281022843,-0.0955054525144648,1,1824
"494428","2016-02-23 22:00:00+00:00","AMZN.O","Amazon.com Inc",4050790,552.94,2239843822.6,-0.00211231270849412,0.029431101934147,-0.0117247542448614,0.132841630813358,-0.0872300078463689,1,1825
"497501","2016-02-24 22:00:00+00:00","AMZN.O","Amazon.com Inc",6231668,554.04,3452593338.72,-0.00179931626467721,0.0120171204952558,0.00198936593482091,0.149293671043624,-0.0757843518894057,1,1823
"498721","2016-02-25 22:00:00+00:00","AMZN.O","Amazon.com Inc",4525463,555.15,2512310784.45,-0.00755815468763879,-0.0489835120954669,0.00200346545375796,0.131850432229653,-0.0475041877207002,1,1823
"501051","2016-02-26 22:00:00+00:00","AMZN.O","Amazon.com Inc",4877039,555.23,2707878363.97,0.00158343820439414,-0.116278097842096,0.000144105196793642,0.102040411257989,-0.0713515689043389,1,1822
"501953","2016-02-29 22:00:00+00:00","AMZN.O","Amazon.com Inc",4145396,552.52,2290414197.92,0.000264838328750218,-0.0360501515309676,-0.00488086018406797,0.0896111067287213,-0.0730831922924747,1,1824
"504727","2016-03-01 22:00:00+00:00","AMZN.O","Amazon.com Inc",5038452,579.04,2917465246.08,0.0107009472822137,-0.0426579483100883,0.0479982625063347,0.111187871809633,-0.0572742023465107,1,1825
"505308","2016-03-02 22:00:00+00:00","AMZN.O","Amazon.com Inc",4582170,580.21,2658620855.7,-0.00432834334780983,-0.025192268173934,0.00202058579718156,0.0863321475379142,-0.0698970846683667,1,1826
"507382","2016-03-03 22:00:00+00:00","AMZN.O","Amazon.com Inc",2741292,577.49,1583068717.08,-0.00984746067015163,-0.0431770058324211,-0.00468795780837972,0.0999809523809525,-0.0983390810578484,1,1830
"509122","2016-03-04 22:00:00+00:00","AMZN.O","Amazon.com Inc",3416545,575.14,1964991691.3,-0.00908433838760889,-0.0829008170949318,-0.00406933453393132,0.0752290147691157,-0.122321482374674,1,1825
"512564","2016-03-07 22:00:00+00:00","AMZN.O","Amazon.com Inc",4932527,562.8,2776026195.6,-0.0228093559079071,-0.101405405888273,-0.0214556455819453,0.00589812332439665,-0.123867477141036,1,1833
"512940","2016-03-08 22:00:00+00:00","AMZN.O","Amazon.com Inc",4729952,560.26,2650002907.52,0.00855594463281581,-0.0956104712446053,-0.00451314854299922,0.0132383260389914,-0.126727122732955,1,1835
"515861","2016-03-09 22:00:00+00:00","AMZN.O","Amazon.com Inc",4377283,559.47,2448958520.01,-0.00668207967588731,-0.0962476743934861,-0.00141005961517859,0.00980073640892365,-0.0753469394880141,1,1832
"517454","2016-03-10 22:00:00+00:00","AMZN.O","Amazon.com Inc",3919892,558.93,2190945235.56,-0.00112443666422104,-0.0569349074472778,-0.000965199206391931,0.00680897054850038,-0.0405830519439688,1,1829
"518219","2016-03-11 22:00:00+00:00","AMZN.O","Amazon.com Inc",3771310,569.61,2148175889.1,0.00203038619603292,-0.0912565269306203,0.0191079383822663,0.0258991769176737,0.00366118963118351,1,1830
"520597","2016-03-14 22:00:00+00:00","AMZN.O","Amazon.com Inc",3454152,573.37,1980507132.24,0.00828009857632138,-0.0832510979685839,0.00660100770702754,0.0377361905451388,-0.0101905411107422,1,1830
"523529","2016-03-15 22:00:00+00:00","AMZN.O","Amazon.com Inc",3876821,577.02,2237003253.42,0.00906264331096153,-0.0544996106163577,0.00636587195004967,-0.00348853274385186,-0.0194612404572204,1,1830
"523657","2016-03-16 22:00:00+00:00","AMZN.O","Amazon.com Inc",3537669,574.27,2031577176.63,-0.0127698338698284,-0.0665617734940115,-0.00476586600117845,-0.0102376725668294,0.0141849271437362,1,1831
"526548","2016-03-17 22:00:00+00:00","AMZN.O","Amazon.com Inc",5928105,559.44,3316419061.2,-0.0346030158624463,-0.0956874807210581,-0.0258240897138975,-0.0312559524840256,0.0522569705798824,1,1827
"528935","2016-03-18 22:00:00+00:00","AMZN.O","Amazon.com Inc",7296885,552.08,4028464270.8,-0.018737575724237,-0.115147969618149,-0.0131560131560132,-0.0400945856660986,0.0806311430763877,1,1828
"529217","2016-03-21 22:00:00+00:00","AMZN.O","Amazon.com Inc",5155732,553.98,2856172413.36,0.00215423585845434,-0.108077563869005,0.00344153021301263,-0.0156716417910446,0.075577724158452,1,1831
"531701","2016-03-22 22:00:00+00:00","AMZN.O","Amazon.com Inc",4000564,560.48,2242236110.72,0.0126204985343896,-0.131327565414028,0.0117332755695152,0.000392674829543527,0.0788047014576492,1,1829
"534370","2016-03-23 22:00:00+00:00","AMZN.O","Amazon.com Inc",3983720,569.63,2269246423.6,0.0218343417329132,-0.0673385583365606,0.0163252926063373,0.0181600443276673,0.059377357491125,1,1828
"535572","2016-03-24 22:00:00+00:00","AMZN.O","Amazon.com Inc",5185539,582.95,3022909960.05,0.0236879176679276,-0.0316260640765767,0.0233835998806244,0.0429749700320257,0.0303920038291811,1,1841
"536616","2016-03-28 22:00:00+00:00","AMZN.O","Amazon.com Inc",3121522,579.87,1810076962.14,-0.0057601498689462,-7.86956529995608e-05,-0.00528347199588308,0.018012324221836,0.0377257823335918,1,1845
"539845","2016-03-29 22:00:00+00:00","AMZN.O","Amazon.com Inc",4392567,593.86,2608569838.62,0.0156231151656008,-0.00734983318741383,0.0241260972286892,0.0357360866456216,0.0247266091869011,1,1847
"541499","2016-03-30 22:00:00+00:00","AMZN.O","Amazon.com Inc",3890461,598.69,2329180096.09,0.00382540078244118,-0.0154633868794689,0.00813323005422162,0.0375550240892866,0.0475070943091587,1,1846
"543276","2016-03-31 22:00:00+00:00","AMZN.O","Amazon.com Inc",2681811,593.64,1592030282.04,-0.00800491514187132,0.00930982369416856,-0.00843508326512898,0.0337297786755359,0.0822920871725503,1,1851
"544787","2016-04-01 22:00:00+00:00","AMZN.O","Amazon.com Inc",2917386,598.5,1746055521,0.006603608321437,0.0538461220514993,0.00818677986658578,0.0698198198198197,0.0497084206521464,1,1843
"546742","2016-04-04 22:00:00+00:00","AMZN.O","Amazon.com Inc",2470825,593.19,1465668681.75,-0.00779549356189735,0.0750679591120599,-0.0088721804511277,0.0744638458194464,0.107496493122888,1,1847
"548275","2016-04-05 22:00:00+00:00","AMZN.O","Amazon.com Inc",2308884,586.14,1353329267.76,-0.0069802056951248,0.055008344247807,-0.0118848935416984,0.0580526372793242,0.0983910604896235,1,1847
"550003","2016-04-06 22:00:00+00:00","AMZN.O","Amazon.com Inc",2849909,602.08,1715873210.72,0.0199663071182867,0.083898628760467,0.0271948681202443,0.0742220953468455,0.0636828101261422,1,1849
"552062","2016-04-07 22:00:00+00:00","AMZN.O","Amazon.com Inc",3189037,591.43,1886092152.91,-0.00717876388476442,0.0411937766441308,-0.0176886792452832,0.0382704562610816,0.0501078937240354,1,1847
"554329","2016-04-08 22:00:00+00:00","AMZN.O","Amazon.com Inc",2591936,594.6,1541165145.6,0.00282479074275162,0.0259873238761661,0.00535989043504737,0.0199845612831289,0.0296566870513494,1,1847
"556562","2016-04-11 22:00:00+00:00","AMZN.O","Amazon.com Inc",2704267,595.93,1611553833.31,0.00468332013351081,0.0300592678839475,0.00223679784729214,0.0276958628658146,0.03867507616787,1,1849
"558387","2016-04-12 22:00:00+00:00","AMZN.O","Amazon.com Inc",2641062,603.17,1593009366.54,0.00384305614411865,0.019014923075057,0.0121490779118354,0.0156770956117602,0.00338677472641909,1,1849
"558918","2016-04-13 22:00:00+00:00","AMZN.O","Amazon.com Inc",4228349,614.82,2599673532.18,0.00957431478856967,0.0417409854897444,0.0193146210852664,0.0269421570428769,-0.00143629102114828,1,1847
"560562","2016-04-14 22:00:00+00:00","AMZN.O","Amazon.com Inc",3512136,620.75,2180158422,0.00947507382814601,0.0639638058698111,0.00964509937867986,0.0456674078566135,0.0724930974408934,1,1842
"563983","2016-04-15 22:00:00+00:00","AMZN.O","Amazon.com Inc",2887681,625.89,1807370661.09,0.00929443812037107,0.0517579109377649,0.00828030608135322,0.045764411027569,0.0625186173735307,1,1831
"564338","2016-04-18 22:00:00+00:00","AMZN.O","Amazon.com Inc",4360883,635.35,2770687014.05,0.00656655250675943,0.0891141826898745,0.0151144769847738,0.0710733491798581,0.0624222944353518,1,1828
"566983","2016-04-19 22:00:00+00:00","AMZN.O","Amazon.com Inc",4055870,627.9,2546680773,-0.015901983287368,0.0879214935355216,-0.0117258204139451,0.07124577745931,0.049891518728374,1,1830
"568036","2016-04-20 22:00:00+00:00","AMZN.O","Amazon.com Inc",2609425,632.99,1651739930.75,0.00707680704071602,0.0562974045972294,0.00810638636725591,0.0513386925325539,0.0629987525301675,1,1826
"570624","2016-04-21 22:00:00+00:00","AMZN.O","Amazon.com Inc",2596298,631,1638264038,0.00401118967725847,0.0557118462538426,-0.00314380953885529,0.0669056354936342,0.0467522057158276,1,1825
"571850","2016-04-22 22:00:00+00:00","AMZN.O","Amazon.com Inc",5083904,620.5,3154562432,-0.0167177797123896,0.0290386073605928,-0.0166402535657686,0.0435586949209552,0.0874314474789662,1,1828
"574917","2016-04-25 22:00:00+00:00","AMZN.O","Amazon.com Inc",2682924,626.2,1680047008.8,0.0121320887230946,0.0341818438971245,0.00918614020950859,0.050794556407632,0.101464453812474,1,1827
"575586","2016-04-26 22:00:00+00:00","AMZN.O","Amazon.com Inc",2521433,616.88,1555421589.04,-0.0178863292231234,0.0137725867321862,-0.0148834238262536,0.0227299103072103,0.150781670134295,1,1828
"578462","2016-04-27 22:00:00+00:00","AMZN.O","Amazon.com Inc",4068767,606.57,2467991999.19,-0.0191598595602459,-0.0189121892495926,-0.016713137076903,-0.0134185615302039,0.155226242669115,1,1829
"578768","2016-04-28 22:00:00+00:00","AMZN.O","Amazon.com Inc",7872605,602,4739308210,0.00535105594745298,-0.0248087981362269,-0.00753416753218927,-0.0302053966975433,0.0691919562647109,1,1831
"582167","2016-04-29 22:00:00+00:00","AMZN.O","Amazon.com Inc",10310739,659.59,6800860337.01,0.0993388110114348,0.0632553770173943,0.0956644518272425,0.0538433271022065,0.0612946561017339,1,1836
"583830","2016-05-02 22:00:00+00:00","AMZN.O","Amazon.com Inc",6578517,683.85,4498718850.45,0.0291868413421053,0.0812255382009608,0.0367804242029139,0.0763358778625953,0.0434040755334162,1,1837
"585853","2016-05-03 22:00:00+00:00","AMZN.O","Amazon.com Inc",4923351,671.32,3305143993.32,-0.00890291808908902,0.0750644051133878,-0.0183227315931856,0.0691511387163561,0.034237552707553,1,1840
"586798","2016-05-04 22:00:00+00:00","AMZN.O","Amazon.com Inc",4635462,670.9,3109931455.8,0.00531673111100408,0.0632525834504319,-0.00062563308109409,0.0598903616170872,0.0231018040084003,1,1840
"588493","2016-05-05 22:00:00+00:00","AMZN.O","Amazon.com Inc",4884114,659.09,3219070696.26,-0.0174011090425757,0.0460659912045731,-0.0176032195558204,0.0445166402535657,0.0653266643297098,1,1836
"591093","2016-05-06 22:00:00+00:00","AMZN.O","Amazon.com Inc",4365345,673.95,2942024262.75,0.0204652726030008,0.0839663892435822,0.0225462379948111,0.0861402095084609,0.0415678755649792,1,1834
"592122","2016-05-09 22:00:00+00:00","AMZN.O","Amazon.com Inc",3982161,679.75,2706873939.75,0.00810197210378327,0.081891033441596,0.00860597967208232,0.0855158096454807,-0.00085763141516853,1,1835
"594504","2016-05-10 22:00:00+00:00","AMZN.O","Amazon.com Inc",6105570,703.07,4292643099.9,0.0222017603699757,0.138387409700592,0.034306730415594,0.139719232265595,-0.00125735472960378,1,1834
"596072","2016-05-11 22:00:00+00:00","AMZN.O","Amazon.com Inc",7338196,713.23,5233821533.08,0.0222055710954317,0.164886009209468,0.0144509081599271,0.175841205466805,0.0156030706564089,1,1834
"597975","2016-05-12 22:00:00+00:00","AMZN.O","Amazon.com Inc",5048150,717.93,3624218329.5,0.00671886275413821,0.187617202150003,0.00658973963518061,0.192574750830565,0.0313086336209069,1,1832
"599472","2016-05-13 22:00:00+00:00","AMZN.O","Amazon.com Inc",4763419,709.92,3381646416.48,-0.00351492581263481,0.0685827002762683,-0.0111570765952113,0.0763049773344047,0.0572919843490619,1,1825
"601213","2016-05-16 22:00:00+00:00","AMZN.O","Amazon.com Inc",5432920,710.66,3860958927.2,-0.00590542429151283,0.0335905449310942,0.00104237097137716,0.0392045039116764,0.0444859584885418,1,1825
"604181","2016-05-17 22:00:00+00:00","AMZN.O","Amazon.com Inc",5121357,695.27,3560725881.39,-0.0132514664979686,0.0295671527908259,-0.0216559254777249,0.0356759816480963,0.0889618707884332,1,1822
"604833","2016-05-18 22:00:00+00:00","AMZN.O","Amazon.com Inc",4283189,697.45,2987310168.05,0.00293123758230319,0.0379224038766512,0.00313547255023239,0.0395737069607991,0.0930138395017759,1,1822
"606833","2016-05-19 22:00:00+00:00","AMZN.O","Amazon.com Inc",3025566,698.52,2113418362.32,0.00522951737455203,0.0546773564529988,0.00153416015484975,0.0598249101033241,0.0771149814565834,1,1820
"608628","2016-05-20 22:00:00+00:00","AMZN.O","Amazon.com Inc",2916165,702.8,2049480762,0.000574185324107371,0.0397831969393128,0.0061272404512398,0.0428073299206171,0.0782354535598761,1,1825
"610872","2016-05-23 22:00:00+00:00","AMZN.O","Amazon.com Inc",2595082,696.75,1808123383.5,-0.00659040341039551,0.0174476663730537,-0.00860842344906088,0.0250091945568223,0.0788096078624157,1,1830
"611705","2016-05-24 22:00:00+00:00","AMZN.O","Amazon.com Inc",3033782,704.2,2136389284.4,-0.000924881810110497,-0.0070590438445522,0.010692500897022,0.00160723683274777,0.042122534084817,1,1826
"613743","2016-05-25 22:00:00+00:00","AMZN.O","Amazon.com Inc",3276631,708.35,2321001568.85,-2.53605912833368e-05,0.0267114683656578,0.00589321215563765,-0.00684211264248558,0.0276903163830648,1,1830
"616078","2016-05-26 22:00:00+00:00","AMZN.O","Amazon.com Inc",2446681,714.91,1749156713.71,0.00944789936545755,0.0270781237193357,0.00926095856568065,-0.00420653824188988,-0.00115283785405345,1,1829
"618008","2016-05-27 22:00:00+00:00","AMZN.O","Amazon.com Inc",2249164,712.24,1601944567.36,-0.00698099942654859,0.0576263857641442,-0.00373473584087503,0.00326797385620914,-7.69864685864189e-05,1,1829
"619133","2016-05-31 22:00:00+00:00","AMZN.O","Amazon.com Inc",3618323,722.79,2615287681.17,0.0161037524229741,0.0484270951912272,0.0148124227788384,0.0170686404187657,0.00368094641888581,1,1828
"621672","2016-06-01 22:00:00+00:00","AMZN.O","Amazon.com Inc",3263107,719.44,2347609700.08,-0.00587582446342242,0.0816346741370061,-0.00463481785857567,0.0347634731830802,-0.00475203416516833,1,1831
"623928","2016-06-02 22:00:00+00:00","AMZN.O","Amazon.com Inc",3026583,728.24,2204078803.92,0.00944912749371029,0.0897198958462149,0.0122317357945068,0.0441465338017062,-0.00321532330405886,1,1828
"625597","2016-06-03 22:00:00+00:00","AMZN.O","Amazon.com Inc",3367306,725.54,2443115195.24,-0.000727781347002142,0.0859744191026579,-0.00370756893331869,0.0386817843440417,-0.00799017806657681,1,1825
"626918","2016-06-06 22:00:00+00:00","AMZN.O","Amazon.com Inc",2704806,726.73,1965663664.38,-0.00305460730159382,0.0825883018518037,0.00164015767566239,0.034049516220831,-0.00744669512573082,1,1823
"628397","2016-06-07 22:00:00+00:00","AMZN.O","Amazon.com Inc",2732463,723.74,1977592771.62,-0.00530245053468034,0.0891458616952218,-0.00411432031153247,0.0387369931826336,-0.00149269425267899,1,1826
"631617","2016-06-08 22:00:00+00:00","AMZN.O","Amazon.com Inc",2223366,726.64,1615586670.24,0.000953086826017975,0.0651124589644044,0.00400696382678856,0.0318659471740981,0.00165024098936595,1,1824
"632544","2016-06-09 22:00:00+00:00","AMZN.O","Amazon.com Inc",2170318,727.65,1579231892.7,0.00237088615551867,0.0444036042769384,0.00138995926456009,0.0272464177313474,-0.0373672847616815,1,1802
"633802","2016-06-10 22:00:00+00:00","AMZN.O","Amazon.com Inc",3425718,717.91,2459357209.38,-0.00438388809895719,0.00654597952144859,-0.0133855562426991,0.00419633240547768,0.00362869567880126,1,1801
"636133","2016-06-13 22:00:00+00:00","AMZN.O","Amazon.com Inc",3352201,715.24,2397628243.24,0.00387021218546856,0.00284266770932361,-0.00371912913874994,0.00421206334943269,0.020184405889053,1,1800
"638103","2016-06-14 22:00:00+00:00","AMZN.O","Amazon.com Inc",2506922,719.3,1803228994.6,0.00724328448630758,-0.00282158157597692,0.00567641630781268,-0.00482851173923271,0.011252892746787,1,1798
"639368","2016-06-15 22:00:00+00:00","AMZN.O","Amazon.com Inc",2709447,714.26,1935249614.22,-0.00515119217529823,-0.00214072157722083,-0.00700681217850685,-0.00720004447903932,0.00330090565773035,1,1801
"641656","2016-06-16 22:00:00+00:00","AMZN.O","Amazon.com Inc",3097961,717.51,2222817997.11,0.00212261291416395,-0.0073200071617911,0.00455016380589712,-0.0147341535757443,-0.0126702826783549,1,1801
"643205","2016-06-17 22:00:00+00:00","AMZN.O","Amazon.com Inc",5897788,706.39,4166138465.32,-0.0126468670942392,-0.0163644983615461,-0.0154980418391382,-0.0263941340243129,0.00315842062623793,1,1795
"645247","2016-06-20 22:00:00+00:00","AMZN.O","Amazon.com Inc",3677162,714.01,2625530439.62,0.00518520236816656,-0.00578374469169825,0.0107872421750024,-0.0175030616597637,0.0143344449848221,1,1796
"647037","2016-06-21 22:00:00+00:00","AMZN.O","Amazon.com Inc",2137534,715.82,1530089587.88,-7.316552070142e-05,0.000379533577933999,0.0025349785017017,-0.0109431563821262,0.0264117207644119,1,1796
"648064","2016-06-22 22:00:00+00:00","AMZN.O","Amazon.com Inc",2260454,710.6,1606278612.4,-0.00572056797829326,-0.00437585576443354,-0.00729233606213853,-0.0220742045579654,0.0272731672844889,1,1795
"649752","2016-06-23 22:00:00+00:00","AMZN.O","Amazon.com Inc",2824974,722.08,2039857225.92,0.00152514363805093,-0.00649811845612519,0.0161553616661976,-0.00765477908335044,0.063100157178994,1,1790
"653159","2016-06-24 22:00:00+00:00","AMZN.O","Amazon.com Inc",7632511,698.96,5334819888.56,0.00260861920644994,0.00522058831783596,-0.032018612896078,-0.0263960663592928,0.0129701900730495,1,1788
"653557","2016-06-27 22:00:00+00:00","AMZN.O","Amazon.com Inc",5584037,691.36,3860579820.32,0.00555580090775031,0.00868908677319982,-0.0108732974705277,-0.0333873944410268,-0.0203065885133006,1,1792
"656226","2016-06-28 22:00:00+00:00","AMZN.O","Amazon.com Inc",4036957,707.95,2857963708.15,0.00642872969806695,0.00668425947005584,0.0239961814394816,-0.0157792298067564,-0.0153070343491616,1,1795
"657250","2016-06-29 22:00:00+00:00","AMZN.O","Amazon.com Inc",3070052,715.6,2196929211.2,-0.00527137297378017,0.00229741539306814,0.0108058478706123,0.0018760675384315,-0.00618536648489885,1,1793
"660280","2016-06-30 22:00:00+00:00","AMZN.O","Amazon.com Inc",2855142,715.62,2043196718.04,-0.0119817623381264,-0.0143643819510195,2.79485746226271e-05,-0.00263410962913402,-0.00581369808348756,1,1788
"662239","2016-07-01 22:00:00+00:00","AMZN.O","Amazon.com Inc",2920423,725.68,2119292562.64,0.0123350828948653,0.00970712133600981,0.0140577401414157,0.0273078610965614,-0.0194148854611652,1,1794
"663461","2016-07-05 22:00:00+00:00","AMZN.O","Amazon.com Inc",2431431,728.1,1770324911.1,0.00923177256225418,0.0168126289470256,0.00333480321904989,0.0197336171762301,-0.012224217077007,1,1799
"665696","2016-07-06 22:00:00+00:00","AMZN.O","Amazon.com Inc",3938249,737.61,2904891844.89,0.00834202294479431,0.0242623223815497,0.0130613926658425,0.0304406135620687,-0.0200810441534067,1,1798
"667176","2016-07-07 22:00:00+00:00","AMZN.O","Amazon.com Inc",2945783,736.57,2169775384.31,-0.000638396284776419,0.0288748568363341,-0.00140995919252718,0.0365465803546299,-0.0142956898966555,1,1797
"667883","2016-07-08 22:00:00+00:00","AMZN.O","Amazon.com Inc",3429217,745.81,2557544330.77,-0.000806289794774734,0.0222387523639814,0.0125446325535929,0.032863394637713,-0.0214945813145219,1,1797
"669634","2016-07-11 22:00:00+00:00","AMZN.O","Amazon.com Inc",3195272,753.78,2408532128.16,0.00767759268239511,0.0107279350941727,0.0106863678416755,0.0784308114913586,-0.0298178464873282,1,1801
"672214","2016-07-12 22:00:00+00:00","AMZN.O","Amazon.com Inc",5623657,748.21,4207676403.97,-0.0132256138970303,-0.0085342920230711,-0.00738942396985853,0.0822292293450591,-0.0175673756820134,1,1800
"674647","2016-07-13 22:00:00+00:00","AMZN.O","Amazon.com Inc",4142265,742.63,3076170256.95,-0.00757156323699954,-0.0145837279579241,-0.00745779928095058,0.0489865103467759,-0.00696117773111542,1,1796
"676151","2016-07-14 22:00:00+00:00","AMZN.O","Amazon.com Inc",2390472,741.2,1771817846.4,-0.0063730787601172,-0.0121997607897463,-0.00192558878580174,0.0357741755170486,0.0233792859416083,1,1797
"677220","2016-07-15 22:00:00+00:00","AMZN.O","Amazon.com Inc",3121385,735.44,2295591384.4,-0.00698564087018402,-0.00405585537234288,-0.00777118186724235,0.0276962633800062,0.0294004039431055,1,1798
"679616","2016-07-18 22:00:00+00:00","AMZN.O","Amazon.com Inc",2954914,736.07,2175023547.98,-0.00115578910200548,-0.0168936478315546,0.000856630044599127,0.0143176055561682,0.0409481919192199,1,1798
"680451","2016-07-19 22:00:00+00:00","AMZN.O","Amazon.com Inc",2216820,739.95,1640335959,0.00643898249799839,-0.0186257927747532,0.00527123778988403,0.0162752369180057,0.0201396565823039,1,1799
"682978","2016-07-20 22:00:00+00:00","AMZN.O","Amazon.com Inc",2214023,745.72,1651041231.56,0.00434116670624766,-0.0211894450611039,0.00779782417730934,0.0109949702417267,0.0109410480526959,1,1798
"683982","2016-07-21 22:00:00+00:00","AMZN.O","Amazon.com Inc",2317072,744.43,1724897908.96,0.00118963326771459,-0.0179744673299999,-0.00172987180174877,0.0106710835358486,0.0220969906798002,1,1798
"686355","2016-07-22 22:00:00+00:00","AMZN.O","Amazon.com Inc",2277711,744.86,1696575815.46,-0.00305189753215403,-0.0195905130504563,0.000577623147911988,-0.0012737828669499,0.024243229830169,1,1796
"689001","2016-07-25 22:00:00+00:00","AMZN.O","Amazon.com Inc",2679290,739.61,1981629676.9,-0.00468585691823782,-0.0314090836900751,-0.00704830437934645,-0.0187985884475576,0.0292502376474383,1,1796
"689314","2016-07-26 22:00:00+00:00","AMZN.O","Amazon.com Inc",2529692,735.59,1860816138.28,-0.00565588911800238,-0.023744111479527,-0.00543529698084122,-0.0168669223880996,0.0405825181841142,1,1798
"691979","2016-07-27 22:00:00+00:00","AMZN.O","Amazon.com Inc",2913134,736.67,2146018423.78,0.00230528531198365,-0.0138309923388771,0.00146820919262081,-0.00802553088348168,0.031066087920905,1,1801
"694304","2016-07-28 22:00:00+00:00","AMZN.O","Amazon.com Inc",7617580,752.61,5733066883.8,0.0209298042878755,0.0128933548473373,0.0216379111406737,0.0153939557474365,0.00428682671912751,1,1806
"695901","2016-07-29 22:00:00+00:00","AMZN.O","Amazon.com Inc",6777050,758.81,5142493310.5,0.00760514394220315,0.0273643389401976,0.00823799843212281,0.0317768954639399,0.016815170898103,1,1804
"697593","2016-08-01 22:00:00+00:00","AMZN.O","Amazon.com Inc",3578205,767.74,2747131106.7,0.0124277904741362,0.0417708682066754,0.0117684268789289,0.0430257991767087,0.00797892530312351,1,1808
"699062","2016-08-02 22:00:00+00:00","AMZN.O","Amazon.com Inc",3603280,760.58,2740582702.4,-0.00526980284850356,0.0298636173055906,-0.00932607393127882,0.027880262179877,0.0121099062138788,1,1809
"701613","2016-08-03 22:00:00+00:00","AMZN.O","Amazon.com Inc",3581525,754.64,2702762026,-0.0100835327350652,0.0146793136138823,-0.00780982934076635,0.0119615941640294,0.0182889838449144,1,1810
"702951","2016-08-04 22:00:00+00:00","AMZN.O","Amazon.com Inc",3178208,760.77,2417885300.16,0.00799139341492436,0.0222221283070864,0.00812307855401251,0.0219496796206493,0.00208753006845595,1,1812
"705392","2016-08-05 22:00:00+00:00","AMZN.O","Amazon.com Inc",2704391,765.98,2071509418.18,0.00148022360677747,0.0260185983684254,0.00684832472363528,0.0283543216174851,-0.0131360749212411,1,1812
"706094","2016-08-08 22:00:00+00:00","AMZN.O","Amazon.com Inc",1986272,766.56,1522596664.32,0.00120700572692111,0.0327972531329587,0.000757199926890939,0.0364381227944457,-0.00344455212519487,1,1814
"708082","2016-08-09 22:00:00+00:00","AMZN.O","Amazon.com Inc",1876091,768.31,1441419476.21,0.00212067667041935,0.0417409494099595,0.00228292632018379,0.0444813007245883,-0.00917929037657048,1,1813
"710133","2016-08-10 22:00:00+00:00","AMZN.O","Amazon.com Inc",1604280,768.56,1232985436.8,0.00233887983943727,0.042906518280524,0.000325389491220962,0.043289396880557,-0.0155704443523957,1,1812
"711032","2016-08-11 22:00:00+00:00","AMZN.O","Amazon.com Inc",2019740,771.24,1557704277.6,0.00031547475903836,0.0259081514201968,0.00348704069949002,0.0247538565791048,-0.00499347062362337,1,1810
"713398","2016-08-12 22:00:00+00:00","AMZN.O","Amazon.com Inc",1563318,772.56,1207756954.08,0.00235353225211722,0.0198609610581296,0.00171152948498521,0.0181204781170516,0.00726440187477972,1,1801
"715947","2016-08-15 22:00:00+00:00","AMZN.O","Amazon.com Inc",2118521,768.49,1628062203.29,-0.00712193113293549,0.00497774341473357,-0.00526819923371635,0.000976893219058583,0.00770349420029672,1,1799
"716795","2016-08-16 22:00:00+00:00","AMZN.O","Amazon.com Inc",1604561,764.04,1225948786.44,-0.00158895333249793,0.0094141554130115,-0.00579057632500102,0.00454915985169202,0.00567061308098143,1,1802
"719403","2016-08-17 22:00:00+00:00","AMZN.O","Amazon.com Inc",1891116,764.63,1446004027.08,-0.000699506336261047,0.0189808160867905,0.000772210879011581,0.0132381002862292,0.0163458886290406,1,1800
"721123","2016-08-18 22:00:00+00:00","AMZN.O","Amazon.com Inc",1458834,764.46,1115220239.64,-0.0017921966429676,0.0150605372705607,-0.000222329754260175,0.00485034898852477,0.0205809258682448,1,1805
"723129","2016-08-19 22:00:00+00:00","AMZN.O","Amazon.com Inc",2343237,757.31,1774556812.47,-0.00822446623529763,-0.0106606918234232,-0.00935300735159472,-0.0113188333899058,0.0218151780428915,1,1813
"724483","2016-08-22 22:00:00+00:00","AMZN.O","Amazon.com Inc",1679251,759.48,1275357549.48,0.00334064360009582,-0.00814373246436158,0.0028654051841388,-0.00923606762680018,0.0357719938539597,1,1813
"726840","2016-08-23 22:00:00+00:00","AMZN.O","Amazon.com Inc",1524131,762.45,1162073680.95,0.00240943046876963,-0.00624835521284231,0.0039105703902671,-0.00762712967421986,0.0283271203098997,1,1811
"728981","2016-08-24 22:00:00+00:00","AMZN.O","Amazon.com Inc",1744107,757.25,1320725025.75,-0.00230694252734596,-0.0147121512986952,-0.0068201193520887,-0.0147158322056833,0.0317334436358384,1,1814
"730388","2016-08-25 22:00:00+00:00","AMZN.O","Amazon.com Inc",1622992,759.22,1232207986.24,0.00376550225345897,-0.00946623069396608,0.00260151865302083,-0.0155852912193351,0.00433879180091534,1,1814
"731312","2016-08-26 22:00:00+00:00","AMZN.O","Amazon.com Inc",2776830,769,2135382270,0.0139002517669743,0.003492121483797,0.0128816416848871,-0.00460805633219419,0.00340477591038809,1,1823
"734163","2016-08-29 22:00:00+00:00","AMZN.O","Amazon.com Inc",2198560,771.29,1695727342.4,-7.62501619292802e-05,0.00862425602117627,0.00297789336801046,0.00364350869887686,-0.000771521421813305,1,1824
"735289","2016-08-30 22:00:00+00:00","AMZN.O","Amazon.com Inc",1709158,767.58,1311915497.64,-0.0034852949452771,0.00571584597571481,-0.00481012329992603,0.00463326527406949,0.00482640783384826,1,1823
"736585","2016-08-31 22:00:00+00:00","AMZN.O","Amazon.com Inc",1633789,769.16,1256645147.24,0.00323478099965932,0.0127508167237057,0.00205841736366241,0.0059244340399931,0.00865389395303865,1,1820
"738293","2016-09-01 22:00:00+00:00","AMZN.O","Amazon.com Inc",1792271,770.62,1381159878.02,0.00192390404631452,0.0174127300868799,0.0018981746320661,0.00805797556445076,0.0137205154725972,1,1814
"741054","2016-09-02 22:00:00+00:00","AMZN.O","Amazon.com Inc",2181792,772.44,1685303412.48,-0.000189520559789252,0.0221789728753263,0.00236173470711898,0.0199786084958604,0.0107679037467909,1,1816
"743458","2016-09-06 22:00:00+00:00","AMZN.O","Amazon.com Inc",3719788,788.87,2934429159.56,0.0187037562471183,0.0366104279171444,0.0212702604733053,0.0386975298888712,0.00380621966619806,1,1818
"744320","2016-09-07 22:00:00+00:00","AMZN.O","Amazon.com Inc",2424622,784.48,1902067466.56,-0.00543728564089215,0.0292247910183779,-0.00556492197700509,0.0288936979474064,0.0174302725607607,1,1818
"745653","2016-09-08 22:00:00+00:00","AMZN.O","Amazon.com Inc",2030511,784.06,1592042454.66,0.0013881798101592,0.0332185658216942,-0.000535386498062507,0.0354044239022779,0.0284816462226949,1,1818
"747793","2016-09-09 22:00:00+00:00","AMZN.O","Amazon.com Inc",4257344,760.14,3236177468.16,-0.00133085400487186,0.0115101608941501,-0.0305078692957171,0.00121176997444739,0.0333778091551007,1,1818
"750209","2016-09-12 22:00:00+00:00","AMZN.O","Amazon.com Inc",3124704,771.49,2410677888.96,-0.00200286706052098,0.00509540607849798,0.0149314599942116,0.00323797139141746,0.0461843415150799,1,1819
"751369","2016-09-13 22:00:00+00:00","AMZN.O","Amazon.com Inc",3117224,761.01,2372238636.24,0.00302662891940678,-0.00099767445263522,-0.0135841034880556,-0.0133283200871267,0.045482758610335,1,1819
"753968","2016-09-14 22:00:00+00:00","AMZN.O","Amazon.com Inc",2531822,761.09,1926944405.98,0.000782998924224218,0.00515723852226515,0.000105123454356759,-0.00845514474061337,0.0473049255521184,1,1818
"756184","2016-09-15 22:00:00+00:00","AMZN.O","Amazon.com Inc",3043534,769.69,2342577684.46,-0.000198762973413105,0.00772353358412631,0.0112995834920968,0.000689063393832345,0.067095838468309,1,1819
"756389","2016-09-16 22:00:00+00:00","AMZN.O","Amazon.com Inc",5499182,778.52,4281223170.64,0.0156576648132239,0.0184629816175847,0.0114721511257778,0.0102514858166152,0.0516483368112512,1,1818
"758475","2016-09-19 22:00:00+00:00","AMZN.O","Amazon.com Inc",2297221,775.1,1780575997.1,-0.00437218237613056,0.0146244500258101,-0.00439295072702039,0.00344363316244634,0.0655615356030898,1,1823
"761403","2016-09-20 22:00:00+00:00","AMZN.O","Amazon.com Inc",1937164,780.22,1511414096.08,0.00627147918955228,0.00492135387254123,0.00660559927751247,-0.0109650512758755,0.0586294348808804,1,1824
"763013","2016-09-21 22:00:00+00:00","AMZN.O","Amazon.com Inc",2718644,789.74,2147021912.56,0.000233254791433731,0.0156570180958417,0.0122016867037502,0.00670507852335311,0.0755164791181019,1,1823
"763755","2016-09-22 22:00:00+00:00","AMZN.O","Amazon.com Inc",4078910,804.7,3282298877,0.0115211643474395,0.0283577281442073,0.0189429432471446,0.02632451598092,0.0626346920730751,1,1830
"765504","2016-09-23 22:00:00+00:00","AMZN.O","Amazon.com Inc",2353511,805.75,1896341488.25,0.00766834941888486,0.0340028835707273,0.00130483409966442,0.0600021048754178,0.0497389328275883,1,1830
"768632","2016-09-26 22:00:00+00:00","AMZN.O","Amazon.com Inc",2651397,799.16,2118890426.52,0.0014397170453793,0.0451018374903576,-0.00817871548246973,0.0358656625490932,0.0323421674288821,1,1835
"769662","2016-09-27 22:00:00+00:00","AMZN.O","Amazon.com Inc",3819600,816.11,3117213756,0.0136211940841938,0.0453534929706179,0.0212097702587717,0.0724037791881842,0.0448686572266344,1,1836
"771318","2016-09-28 22:00:00+00:00","AMZN.O","Amazon.com Inc",4422078,828.72,3664664480.16,0.00898181756354769,0.0471465986639452,0.0154513484701817,0.0888593990198268,0.0412075157734472,1,1839
"773179","2016-09-29 22:00:00+00:00","AMZN.O","Amazon.com Inc",4922248,829.05,4080789704.4,0.0113203051663303,0.0733985554795861,0.000398204459889806,0.0771219581909599,0.0210561211924146,1,1840
"776374","2016-09-30 22:00:00+00:00","AMZN.O","Amazon.com Inc",4430566,837.31,3709757217.46,0.000763002245839788,0.046586096654886,0.00996321090404684,0.0755150798951858,0.0173663434453791,1,1833
"777775","2016-10-03 22:00:00+00:00","AMZN.O","Amazon.com Inc",2769448,836.74,2317307919.52,0.0030911306253675,0.0569166137824683,-0.000680751454061101,0.0795252225519287,0.00710795877688504,1,1846
"779870","2016-10-04 22:00:00+00:00","AMZN.O","Amazon.com Inc",2950314,834.03,2460650385.42,0.00261046040641589,0.0577496251758976,-0.00323875994932721,0.0689677270513445,-0.0032532576642135,1,1847
"781875","2016-10-05 22:00:00+00:00","AMZN.O","Amazon.com Inc",3469055,844.36,2929131279.8,0.00739794861737446,0.0727017170456478,0.0123856456002782,0.0691620026844277,-0.0143896001171063,1,1846
"782489","2016-10-06 22:00:00+00:00","AMZN.O","Amazon.com Inc",2684013,841.66,2259026381.58,-0.00375549170703091,0.062874072971227,-0.00319768818987165,0.0459301603081892,-0.00805436406347729,1,1850
"783843","2016-10-07 22:00:00+00:00","AMZN.O","Amazon.com Inc",2426228,839.43,2036648570.04,0.00112772047444312,0.0532783143100488,-0.00264952593683909,0.0417995656220911,-0.00436875294901996,1,1850
"787016","2016-10-10 22:00:00+00:00","AMZN.O","Amazon.com Inc",1827143,841.71,1537924534.53,-0.00189556978445988,0.0347636490907167,0.00271612880168703,0.0532434055758548,0.0166368000896199,1,1851
"787817","2016-10-11 22:00:00+00:00","AMZN.O","Amazon.com Inc",3588180,831,2981777580,0.00103271357433814,0.0423938545876979,-0.0127240973732046,0.0182450895099926,-0.000357505343683654,1,1853
"791115","2016-10-12 22:00:00+00:00","AMZN.O","Amazon.com Inc",2380416,834.09,1985481181.44,0.00247974285469726,0.0397749959618496,0.00371841155234653,0.00647987257457294,-0.0189199241949689,1,1851
"792004","2016-10-13 22:00:00+00:00","AMZN.O","Amazon.com Inc",3091387,829.28,2563625411.36,-0.00235060077708862,0.0200714436724843,-0.00576676377848917,0.000277425969483103,-0.0511801764735329,1,1854
"793311","2016-10-14 22:00:00+00:00","AMZN.O","Amazon.com Inc",2999814,822.96,2468726929.44,-0.00785227542167185,0.0210465555274456,-0.00762106887902747,-0.0171382164311903,-0.0445183806256388,1,1843
"795398","2016-10-17 22:00:00+00:00","AMZN.O","Amazon.com Inc",3361492,812.95,2732724921.4,-0.00836696335737437,0.0116382705986131,-0.0121634101292893,-0.028431770920477,-0.014989489559951,1,1845
"798235","2016-10-18 22:00:00+00:00","AMZN.O","Amazon.com Inc",2512504,817.65,2054348895.6,-0.00170529081410601,-0.00647632831239888,0.00578141337105587,-0.0196395813100249,-0.0081942205939861,1,1844
"799040","2016-10-19 22:00:00+00:00","AMZN.O","Amazon.com Inc",2090706,817.69,1709549389.14,-0.00258344250418623,-0.0118254303170295,4.89206873357517e-05,-0.0315860533421762,-0.0144582743966141,1,1841
"801569","2016-10-20 22:00:00+00:00","AMZN.O","Amazon.com Inc",3151954,810.32,2554091365.28,-0.00727209160505182,-0.0110138354677175,-0.00901319570986558,-0.0372359385024831,0.000575264533524397,1,1842
"803659","2016-10-21 22:00:00+00:00","AMZN.O","Amazon.com Inc",2793015,818.99,2287451354.85,0.0107980517962654,-0.00686338486229332,0.010699476749926,-0.0243498564502101,-0.0148353562009492,1,1840
"805561","2016-10-24 22:00:00+00:00","AMZN.O","Amazon.com Inc",4060899,838.09,3403398842.91,0.0168810557057091,0.0141634156629747,0.0233214080758006,-0.00430076867329598,-0.0471769753487025,1,1843
"806728","2016-10-25 22:00:00+00:00","AMZN.O","Amazon.com Inc",3248358,835.18,2712963634.44,0.00175993643748063,-0.00460558407143788,-0.00347218079203915,0.00503008423586038,-0.0801617037657538,1,1843
"807887","2016-10-26 22:00:00+00:00","AMZN.O","Amazon.com Inc",3998102,822.59,3288798724.18,-0.0128451215946615,-0.014163602023554,-0.0150745946981488,-0.0137874809672817,-0.0678455748464093,1,1841
"810618","2016-10-27 22:00:00+00:00","AMZN.O","Amazon.com Inc",7406385,818.36,6061089228.6,-0.00157303086728762,-0.0139203866769468,-0.00514229446018066,-0.0131680493922438,-0.0634304102939911,1,1842
"812734","2016-10-28 22:00:00+00:00","AMZN.O","Amazon.com Inc",10841073,776.32,8416141791.36,-0.0460266546484288,-0.0472077977099044,-0.0513710347524317,-0.056673471371634,-0.0489028418874942,1,1839
"814788","2016-10-31 22:00:00+00:00","AMZN.O","Amazon.com Inc",5413326,789.82,4275553141.32,0.0176107281308933,-0.0280105656388131,0.0173897361912614,-0.0284519343133034,-0.0845454717114338,1,1842
"815399","2016-11-01 22:00:00+00:00","AMZN.O","Amazon.com Inc",5305428,785.41,4166936205.48,0.00613382515886841,-0.0100091162144778,-0.0055835506824341,-0.0394300739925396,-0.0521318874848994,1,1842
"817808","2016-11-02 22:00:00+00:00","AMZN.O","Amazon.com Inc",5026504,765.56,3848090402.24,-0.0124368022092998,-0.0177006251901346,-0.0252734240715041,-0.0637527669410169,-0.0243832565013065,1,1840
"819088","2016-11-03 22:00:00+00:00","AMZN.O","Amazon.com Inc",3872496,767.03,2970320606.88,0.00980312772155872,-0.00583741116358931,0.00192016301792153,-0.053423338927831,-0.0190424719457946,1,1839
"821144","2016-11-04 22:00:00+00:00","AMZN.O","Amazon.com Inc",5122103,755.05,3867443870.15,-0.0126262105814973,-0.0200555271161434,-0.0156186850579508,-0.0780717713280993,-0.0252782536260214,1,1840
"822575","2016-11-07 22:00:00+00:00","AMZN.O","Amazon.com Inc",5984354,784.93,4697298985.22,-0.00163692211588243,-0.0440288633063561,0.0395735381762796,-0.0634299418916824,-0.0149166524136479,1,1840
"826213","2016-11-08 22:00:00+00:00","AMZN.O","Amazon.com Inc",3412629,787.75,2688298494.75,-0.00345876109298887,-0.0545783007335444,0.0035926770540049,-0.0567901530209056,-0.000153258416151835,1,1841
"826927","2016-11-09 22:00:00+00:00","AMZN.O","Amazon.com Inc",8562892,771.88,6609525076.96,-0.037724268867633,-0.0697175692429503,-0.0201459854014598,-0.0616467498997071,-0.0048610178298771,1,1837
"829576","2016-11-10 22:00:00+00:00","AMZN.O","Amazon.com Inc",12746994,742.38,9463113405.72,-0.0411973637962037,-0.0942811368173242,-0.0382183759133544,-0.0928442250354368,0.0354855320705184,1,1833
"831132","2016-11-11 22:00:00+00:00","AMZN.O","Amazon.com Inc",6622784,739.01,4894303603.84,-0.00238501663205996,-0.0484458809940087,-0.00453945418788226,-0.0480600783182193,0.0148331669466981,1,1841
"832197","2016-11-14 22:00:00+00:00","AMZN.O","Amazon.com Inc",7321344,719.07,5264558830.08,-0.0268018474216123,-0.0853684150663023,-0.0269820435447422,-0.0895773720594566,0.0274066337626243,1,1844
"834234","2016-11-15 22:00:00+00:00","AMZN.O","Amazon.com Inc",6755785,743.24,5021169643.4,0.0203799007127268,-0.0467196573221979,0.0336128610566426,-0.0536917024229383,0.00667081894824303,1,1839
"836108","2016-11-16 22:00:00+00:00","AMZN.O","Amazon.com Inc",3648791,746.49,2723785993.59,0.00710148554506048,-0.0244329111968965,0.00437274635380236,-0.0249098698991587,-0.0135895836044149,1,1839
"837342","2016-11-17 22:00:00+00:00","AMZN.O","Amazon.com Inc",3690112,756.4,2791200716.8,0.00500770884542175,-0.0224148020693702,0.0132754624978231,-0.0138586495964955,-0.02712638745956,1,1838
"839269","2016-11-18 22:00:00+00:00","AMZN.O","Amazon.com Inc",4373408,760.16,3324489825.28,0.00905256600575165,-0.0108667999147102,0.00497091485986245,0.00676776372425669,-0.0118205163817375,1,1841
"842034","2016-11-21 22:00:00+00:00","AMZN.O","Amazon.com Inc",4614574,780,3599367720,0.0122773059954744,-0.0210166915136731,0.0260997684697959,-0.00628081484973175,-0.0336715506595492,1,1840
"843080","2016-11-22 22:00:00+00:00","AMZN.O","Amazon.com Inc",5311320,785.33,4171138935.6,0.00296780802793799,-0.0205229529733481,0.00683333333333347,-0.00307204062202471,-0.0262986841070818,1,1839
"845393","2016-11-23 22:00:00+00:00","AMZN.O","Amazon.com Inc",3540263,780.12,2761829971.56,-0.00811729927324428,-0.00205596595289798,-0.00663415379521992,0.0106752344924081,-0.0272342698953163,1,1838
"848036","2016-11-25 22:00:00+00:00","AMZN.O","Amazon.com Inc",1837068,780.37,1433592755.16,-0.00675406090435086,0.0345627203544027,0.000320463518433067,0.0511732535898057,-0.0169668498465483,1,1837
"849813","2016-11-28 22:00:00+00:00","AMZN.O","Amazon.com Inc",4438828,766.77,3403560145.56,-0.00767871466976115,0.0227477876283349,-0.017427630482976,0.0375637677433323,-0.00504368331552902,1,1833
"851868","2016-11-29 22:00:00+00:00","AMZN.O","Amazon.com Inc",3272344,762.52,2495227746.88,-0.00772628302800319,0.0436073852492267,-0.00554273119709947,0.0604252715312834,0.0206023958204821,1,1832
"853345","2016-11-30 22:00:00+00:00","AMZN.O","Amazon.com Inc",4625946,750.57,3472096289.22,-0.0111235438695842,0.002295908755139,-0.0156717200860305,0.00986222485334487,0.0203031739420658,1,1832
"854444","2016-12-01 22:00:00+00:00","AMZN.O","Amazon.com Inc",4665993,743.65,3469865694.45,-0.00283997609910559,-0.00968159113410537,-0.00921965972527561,-0.00380447159372532,0.0217795024459098,1,1826
"855850","2016-12-02 22:00:00+00:00","AMZN.O","Amazon.com Inc",3561307,740.34,2636578024.38,-0.0051366949061871,-0.0231136920724974,-0.00445101862435282,-0.0212321523003701,0.00819920543911715,1,1823
"858145","2016-12-05 22:00:00+00:00","AMZN.O","Amazon.com Inc",4314723,759.36,3276428057.28,0.0143096232988656,-0.00995423902563267,0.0256908987762379,-0.0010524100189433,-0.0115915755283007,1,1824
"859945","2016-12-06 22:00:00+00:00","AMZN.O","Amazon.com Inc",3794746,764.72,2901918161.12,0.000522736898343374,-0.0235351176627685,0.00705857564264645,-0.0195897435897435,-0.0192012011093153,1,1824
"861540","2016-12-07 22:00:00+00:00","AMZN.O","Amazon.com Inc",3684906,770.42,2838925280.52,-0.0127051262636526,-0.0258329950030115,0.00745370854691907,-0.0189856493448615,-0.0158988586280376,1,1827
"863443","2016-12-08 22:00:00+00:00","AMZN.O","Amazon.com Inc",3189608,767.33,2447481906.64,-0.00730454450975454,-0.0194639736511984,-0.0040107993042755,-0.0163949136030354,-0.0122464641117571,1,1829
"865761","2016-12-09 22:00:00+00:00","AMZN.O","Amazon.com Inc",2470923,768.66,1899299673.18,-0.0116644887146036,-0.0152700662218561,0.00173328294214992,-0.0150057024232095,-0.00737918579953335,1,1833
"867644","2016-12-12 22:00:00+00:00","AMZN.O","Amazon.com Inc",2963945,760.12,2252953873.4,-0.00850934053415026,-0.00546638178115811,-0.0111102438009002,-0.0086727441084028,0.0123872456666594,1,1834
"869146","2016-12-13 22:00:00+00:00","AMZN.O","Amazon.com Inc",5285288,774.34,4092609909.92,0.00316267498642912,0.0190914419127938,0.0187075724885544,0.0155012327545507,-0.00173528954276049,1,1832
"871912","2016-12-14 22:00:00+00:00","AMZN.O","Amazon.com Inc",5454836,768.82,4193787013.52,0.00888942689025084,0.0298403172797153,-0.00712865149675845,0.0243148540442597,0.000832506631873922,1,1830
"873336","2016-12-15 22:00:00+00:00","AMZN.O","Amazon.com Inc",3801927,761,2893266447,-0.0166254825572949,0.0224494750603805,-0.0101714315444448,0.0233308680158677,-0.00518257723836153,1,1830
"875641","2016-12-16 22:00:00+00:00","AMZN.O","Amazon.com Inc",4848219,757.77,3673834911.63,-0.00123251435038206,0.0163582481584593,-0.00424441524310115,0.0235432368911581,-0.00125546564210133,1,1835
"876511","2016-12-19 22:00:00+00:00","AMZN.O","Amazon.com Inc",3113240,766,2384741840,0.00754478535206533,-0.00546926948954005,0.0108608152869605,0.00874420564686051,-0.009639467583024,1,1835
"878650","2016-12-20 22:00:00+00:00","AMZN.O","Amazon.com Inc",2703629,771.22,2085092757.38,0.000287609252104066,-0.0117413183654773,0.00681462140992162,0.00849984307981999,0.0159298238322916,1,1834
"880841","2016-12-21 22:00:00+00:00","AMZN.O","Amazon.com Inc",2044629,770.6,1575591107.4,0.00294548271079431,-0.00970998216346408,-0.000803921060138491,0.000233638794423952,0.0374581335793249,1,1830
"882129","2016-12-22 22:00:00+00:00","AMZN.O","Amazon.com Inc",2543551,766.34,1949224873.34,-0.00271004472275646,-0.00829050412034516,-0.00552815987542177,-0.00129018805468317,0.0408544674071159,1,1832
"883709","2016-12-23 22:00:00+00:00","AMZN.O","Amazon.com Inc",1981616,760.59,1507197313.44,-0.00939068795371941,-0.0125221348871384,-0.00750319701438007,-0.0104987901022557,0.0394061526971185,1,1839
"885420","2016-12-27 22:00:00+00:00","AMZN.O","Amazon.com Inc",2638725,771.4,2035512465,0.0107120455315115,0.010289094582067,0.0142126507053735,0.0148397621428196,0.0308995916472372,1,1835
"887504","2016-12-28 22:00:00+00:00","AMZN.O","Amazon.com Inc",3301025,772.13,2548820433.25,0.0105914707507473,0.00387933170805487,0.000946331345605511,-0.00285404344344864,0.0505213011843253,1,1826
"888919","2016-12-29 22:00:00+00:00","AMZN.O","Amazon.com Inc",3158299,765.15,2416572479.85,-0.00869406816837211,-0.00370960615059218,-0.0090399285094479,-0.00477354907520622,0.0614860726948827,1,1815
"890821","2016-12-30 22:00:00+00:00","AMZN.O","Amazon.com Inc",4139449,749.87,3104048621.63,-0.0141930897204531,-0.00830036916043665,-0.0199699405345357,-0.0146254927726676,0.0651017487634635,1,1817
