{
    "tiles": [
        {
            "latitude": 41.79180908203125,
            "longitude": -87.60003430187619,
            "timestamp": 1559343542690,
            "uuid": "20e7ae4e9e9a6981"
        },
        {
            "latitude": 41.78883031233563,
            "longitude": -87.60047158757858,
            "timestamp": 1559263046266,
            "uuid": "3c3032bc6a62ed97"
        },
        {
            "latitude": 41.7905492,
            "longitude": -87.5983352,
            "timestamp": 1559352784863,
            "uuid": "402bf31574a0f95d"
        },
        {
            "latitude": 41.7913818359375,
            "longitude": -87.5933289668136,
            "timestamp": 1559425109027,
            "uuid": "55a9dc6f44e85eea"
        },
        {
            "latitude": 41.78900146484375,
            "longitude": -87.60079308860674,
            "timestamp": 1559329240078,
            "uuid": "7d4e5cd9eeb18c98"
        },
        {
            "latitude": 41.7902139745493,
            "longitude": -87.60256897997667,
            "timestamp": 1559165785438,
            "uuid": "9d6352d84200c9b7"
        },
        {
            "latitude": 41.908477783203125,
            "longitude": -87.67451685665046,
            "timestamp": 1559416738408,
            "uuid": "e721d61ba89d6134"
        },
        {
            "latitude": 41.789398193359375,
            "longitude": -87.60133078731083,
            "timestamp": 1559151896911,
            "uuid": "f37fab13a3cb7620"
        }
    ]
}