{
    "tiles": [
        {
            "latitude": 41.7920035,
            "longitude": -87.5985137,
            "timestamp": 1559152593619,
            "uuid": "20e7ae4e9e9a6981"
        },
        {
            "latitude": 41.78830013015242,
            "longitude": -87.60091584176462,
            "timestamp": 1559154014826,
            "uuid": "3c3032bc6a62ed97"
        },
        {
            "latitude": 41.79258998487312,
            "longitude": -87.59935311049931,
            "timestamp": 1559169538000,
            "uuid": "402bf31574a0f95d"
        },
        {
            "latitude": 41.79062984197638,
            "longitude": -87.60254098261011,
            "timestamp": 1559174218535,
            "uuid": "55a9dc6f44e85eea"
        },
        {
            "latitude": 41.79061551028017,
            "longitude": -87.60275278926733,
            "timestamp": 1559167561883,
            "uuid": "7d4e5cd9eeb18c98"
        },
        {
            "latitude": 41.7902139745493,
            "longitude": -87.60256897997667,
            "timestamp": 1559165785438,
            "uuid": "9d6352d84200c9b7"
        },
        {
            "latitude": 41.79071609146241,
            "longitude": -87.60278540834926,
            "timestamp": 1559174277126,
            "uuid": "e721d61ba89d6134"
        },
        {
            "latitude": 41.789398193359375,
            "longitude": -87.60133078731083,
            "timestamp": 1559151896911,
            "uuid": "f37fab13a3cb7620"
        }
    ]
}