{
    "tiles": [
        {
            "latitude": 41.790892878439095,
            "longitude": -87.59630114065065,
            "timestamp": 1559096920088,
            "uuid": "20e7ae4e9e9a6981"
        },
        {
            "latitude": 41.7901394,
            "longitude": -87.5991966,
            "timestamp": 1559074158709,
            "uuid": "402bf31574a0f95d"
        },
        {
            "latitude": 41.7919921,
            "longitude": -87.5983691,
            "timestamp": 1559076348089,
            "uuid": "9d6352d84200c9b7"
        },
        {
            "latitude": 41.7922957,
            "longitude": -87.5997578,
            "timestamp": 1559073587927,
            "uuid": "f37fab13a3cb7620"
        }
    ]
}